Id,SalePrice
1461,0.3289042003370197
1462,0.1062353195872763
1463,0.46304239708879136
1464,-0.43346209535416
1465,1.1684316136467312
1466,-0.4106868866107527
1467,1.4769483492040432
1468,0.35731974819419143
1469,-0.5556448523621019
1470,-0.7031543988334406
1471,-0.7553750060180945
1472,2.029997534929813
1473,-0.5133710505887837
1474,0.7999755206715798
1475,-0.40310372859894106
1476,-0.6449288420755305
1477,-0.3007872438730739
1478,-1.0891330696273889
1479,-0.38538632683830076
1480,-0.6344965246318827
1481,1.973021745609123
1482,-0.6369695169915333
1483,0.6721024562775968
1484,-0.6356191246704519
1485,-0.2728451998339595
1486,1.0385591831939849
1487,-0.5607116973210606
1488,1.5278477867847644
1489,0.3647099595164667
1490,-0.3182160433602583
1491,-0.5037585589280702
1492,-0.4986992021652653
1493,0.13460910029961307
1494,-0.08393450637959934
1495,1.2360475028126987
1496,1.6609220092147585
1497,-0.3517338122709246
1498,-0.3101704371361642
1499,-0.8107361386983922
1500,-1.11891074734545
1501,-0.36082829506319725
1502,-0.23420408662089284
1503,-0.3595825606602507
1504,-0.5469475039692457
1505,-0.3926690922330391
1506,1.3375879195852924
1507,0.8679509888315329
1508,0.9152195651442248
1509,-0.8751149041093615
1510,-0.669222140722308
1511,-0.01965080531386429
1512,-0.617748531819457
1513,-0.8072817305866383
1514,1.0818476506013515
1515,-0.7467240788116182
1516,-0.050107175656095376
1517,0.19562403763520989
1518,0.13768319489568362
1519,2.459477108828379
1520,-0.8543197780176248
1521,-0.2229883579115302
1522,-0.8941352420767251
1523,0.22783930069995198
1524,-0.2657056052136697
1525,0.7136138019283926
1526,1.6693715644392375
1527,0.011969330450933124
1528,0.49052650028979805
1529,-1.3525305480416485
1530,0.46523444173760853
1531,1.2544435553078643
1532,-0.7600972642884963
1533,0.15783809381079453
1534,-0.4794623524434033
1535,-0.8476954941097236
1536,-1.0687182151875647
1537,-1.024744930974602
1538,-0.6209557202466524
1539,-0.8213598898332415
1540,-0.8565776271254556
1541,0.26716155018800913
1542,-0.12430111652690459
1543,0.936181290151396
1544,-0.8012968497601552
1545,-0.20670175726833032
1546,0.9595304343452928
1547,0.024469538976720467
1548,-0.178512364070566
1549,-1.1261440886941647
1550,-0.8407078304078073
1551,-0.9704682612663972
1552,-0.9593229877614085
1553,-0.17372986640872215
1554,-0.5175458928243775
1555,0.23601907496113397
1556,0.15592598581884257
1557,0.42128464315916103
1558,-1.0234829728498955
1559,-1.153058786142047
1560,-0.7907962577571704
1561,0.41745550758559935
1562,-0.10149754477815062
1563,-0.7714287796059371
1564,0.13453008280838155
1565,-0.2540285377710748
1566,0.9997336791901181
1567,-0.9747074074590797
1568,-1.1265421564275147
1569,-0.7540375178153516
1570,0.21709935206207379
1571,-0.46627026416037687
1572,-0.16000737832014086
1573,2.461955710411532
1574,0.36831756820903094
1575,0.9177059247719042
1576,-0.14404667995669532
1577,-0.6480991999965827
1578,-0.3668364753505261
1579,1.7261313870341977
1580,-0.10643836712743701
1581,-0.1258429445030464
1582,-1.0952733378422692
1583,-0.6395089317725319
1584,-0.4020979737640268
1585,-0.08772901657359253
1586,-1.1428310743867176
1587,-0.590132915702307
1588,-1.1148538270474808
1589,-0.35014137607019513
1590,-0.42313131698815465
1591,0.4919437841878982
1592,0.58208088641514
1593,-0.42101907905447
1594,0.4203826819180817
1595,-0.11298209423538477
1596,-0.013429239772307339
1597,-0.5364434914084328
1598,-0.029193327405859698
1599,0.8167626952400422
1600,0.47086163525621794
1601,-0.7594006751031557
1602,0.7986525873185851
1603,-0.28677253813545533
1604,0.6307363944830547
1605,-0.6257566373324998
1606,-0.6276474004012886
1607,-0.8864894412697997
1608,0.4917153760440418
1609,-0.5954352028043082
1610,-0.8522251291593096
1611,-0.6561790044656078
1612,2.3885144647400383
1613,0.09913019199729092
1614,0.6043493849631592
1615,-0.80695386453367
1616,-1.2408158132124731
1617,-0.9764078418312747
1618,1.0701103962420417
1619,0.8642791095471722
1620,1.7030958499891171
1621,-0.13555755367750585
1622,2.759969404657414
1623,0.8182700947925503
1624,-1.0745663686598321
1625,-0.48023874701921654
1626,-0.7783808639921146
1627,0.19539427988541933
1628,2.299657909017098
1629,0.021870840946247944
1630,0.5486552567002558
1631,-0.6354556909390416
1632,0.34139131880252793
1633,0.6448168013718543
1634,-0.3351837819455984
1635,0.07867309807033182
1636,0.03374443504138261
1637,0.5152472634135368
1638,-0.15981728358698635
1639,3.3245890852408637
1640,-0.9985932316626612
1641,-0.06444527009416381
1642,0.15614986154915125
1643,-0.677447724423265
1644,0.14761949885914552
1645,-0.3483051034099294
1646,0.9736021736267508
1647,-0.0547647959170465
1648,-0.6856079714599476
1649,-0.29255970404513976
1650,1.2799669374319693
1651,1.4467119306875904
1652,-0.012122021606943673
1653,0.3465730398844499
1654,-0.561488106856692
1655,-0.7942362490208961
1656,-0.3215816050341326
1657,2.0669548985170807
1658,0.5821341846936146
1659,-0.3424686672408385
1660,1.6824097216974483
1661,-0.5177125743748838
1662,-0.21976158992290354
1663,-0.8287975165398933
1664,-0.6156343978253227
1665,-0.8657592518827312
1666,0.0722555064578099
1667,-0.566558798613967
1668,-0.5809309050393486
1669,0.722969908077659
1670,-0.34488299365442465
1671,-0.9811054408520457
1672,-0.026764561673130877
1673,0.9771394229402812
1674,-0.20747002186248284
1675,-0.3386346312017847
1676,-0.691678709119426
1677,0.44453046445976363
1678,-0.9579383881319651
1679,0.4887062010398252
1680,-0.16415117420797917
1681,0.25018122517470587
1682,0.1475139105093942
1683,-0.10332203969573714
1684,-0.9852561671217037
1685,2.724114564288375
1686,-0.994054256539193
1687,1.3213990774116349
1688,-1.048454112204795
1689,-0.817894990923348
1690,0.1555255933072114
1691,-0.5564997211552485
1692,1.8891156699632399
1693,-1.023113926647964
1694,-0.5967132542937936
1695,0.5724697858162392
1696,-1.1067500712970169
1697,0.0028397615411868415
1698,-0.07345563549514554
1699,1.5153913705496769
1700,-0.9034215987258255
1701,1.0513932567585684
1702,-1.011373078671571
1703,-1.2491764518391788
1704,-0.740439080973418
1705,0.5501553221708488
1706,0.6867172701729968
1707,-0.4636665893593558
1708,-0.5060512140030281
1709,0.10045065709098636
1710,1.1223808869155605
1711,-1.128335446410988
1712,0.7716657247073712
1713,-0.03327269155553311
1714,-0.20472689511504868
1715,-0.5279115635196734
1716,0.5600406683676773
1717,0.41645149138776105
1718,0.8727301129603551
1719,0.565443601691291
1720,-0.8111221472071393
1721,0.0018783371131673443
1722,2.1092851118428904
1723,-0.3246477780230031
1724,-0.5794722774905013
1725,-1.2403655705178849
1726,0.03164943897086467
1727,0.1485095603914702
1728,-0.05714600569676756
1729,-0.891587850032749
1730,-0.3097758283397559
1731,1.060608205989562
1732,-0.18704369361127174
1733,1.5565761578701234
1734,-0.4486462563054612
1735,-0.5305745616961922
1736,-0.18276410848278027
1737,0.3316214407676521
1738,-1.0121618214515744
1739,2.553685037986642
1740,0.2638096148915742
1741,0.5311439263668658
1742,0.16784799669031056
1743,0.243353102647644
1744,0.8776463765964855
1745,-0.08710178959034862
1746,-0.20190147853428578
1747,-0.15183518402481785
1748,-1.1738293109891669
1749,-0.8607195576575524
1750,-0.3775587168910408
1751,0.7097428324109909
1752,-0.655770488974065
1753,-0.6141217839657958
1754,0.5618507671349537
1755,-0.012152140316620347
1756,-0.39022948413462866
1757,-0.4755570106396867
1758,0.4331909479488959
1759,-0.18361372537979564
1760,-0.3466666900030736
1761,-0.3207592947273302
1762,1.0225569410673152
1763,0.4258185563027933
1764,-0.4880707241368646
1765,1.344144799717128
1766,1.5405697138924217
1767,0.4199419822760184
1768,-1.0880453368788257
1769,-1.1704377661762786
1770,2.387078342289641
1771,-0.2039535601458062
1772,-0.7308235212778923
1773,-0.746297201760362
1774,0.9322004762827856
1775,-0.13547606681693466
1776,0.039359024855542796
1777,1.0975145375559041
1778,1.0604154529573266
1779,1.1667381115878284
1780,0.19023676839108553
1781,1.9880333376779702
1782,2.1443272364087584
1783,0.9510813638509974
1784,-0.7444987591553323
1785,0.006063753726792492
1786,-1.0586702996712598
1787,0.8941131651183933
1788,-0.4463017750906858
1789,0.3266980660086998
1790,-1.2424476711692278
1791,-0.7012266011716406
1792,-0.6372040257853032
1793,1.3744715786405644
1794,0.4471025268967711
1795,0.440697529928298
1796,0.5324426726367706
1797,2.553315393633789
1798,0.5430674098162454
1799,0.3230789784181445
1800,-0.4978746324155352
1801,0.4029566894910539
1802,-1.1707654360181705
1803,-1.0484818926245727
1804,1.2105502008224152
1805,-1.058720655884894
1806,-0.5830126771951804
1807,-0.2856486018540013
1808,-0.08415747995324172
1809,-0.07208499638282187
1810,3.0779901354248946
1811,1.4020683235666809
1812,0.5039046380889132
1813,-1.017349611891617
1814,-0.9501246674380366
1815,-0.5136556076169877
1816,0.014131336874851325
1817,-0.15289389498731995
1818,-0.5245607829950969
1819,-0.3673691255957058
1820,1.2432330865851309
1821,-0.3227915249576514
1822,-0.43665904346026796
1823,0.12247360033112123
1824,-0.8857266785152801
1825,0.05684829573478209
1826,-0.8327394116714729
1827,-0.17926375636988626
1828,-0.02405426553582904
1829,-0.6631928057884681
1830,-0.1533288712943318
1831,-0.06368809267621997
1832,-0.5944664281020006
1833,-0.7844868307227038
1834,-0.6732400164951493
1835,0.35365607826890855
1836,-1.0300323866667036
1837,-0.5184724129171338
1838,1.4687464571056976
1839,2.6705143034574212
1840,-0.09963688882803609
1841,-0.601269111551027
1842,0.16314046043553684
1843,0.29254166144422267
1844,-1.2312311806560323
1845,0.721756431597421
1846,0.04930195445690069
1847,-1.1435207703074286
1848,-0.6211986878212116
1849,0.1579162020929135
1850,3.139661651461798
1851,-0.7000094575303896
1852,0.5494350337841138
1853,-0.8863941180513228
1854,-0.9848377278837724
1855,-1.068402992634741
1856,-0.6330469681473472
1857,-0.6498355982288113
1858,-0.20222394536290075
1859,-0.18820368882653823
1860,0.6891708311986817
1861,0.7548663529730038
1862,0.04981645642109825
1863,-1.0138038144602972
1864,1.1042042516435664
1865,-0.07146787220516324
1866,-0.2971674537499974
1867,-0.7606145937405996
1868,-0.12654601806860363
1869,1.3836452544880715
1870,1.8086140231281442
1871,-1.1892734778381775
1872,-0.6444948236898473
1873,1.0031982832604165
1874,-0.9919302483580533
1875,0.58685963365201
1876,0.08116337811135257
1877,-0.3663642867355038
1878,0.6333340910386304
1879,-0.5399926050457153
1880,-0.5972532559590287
1881,0.22768776941688887
1882,0.5015597870809649
1883,-0.7766265741836351
1884,1.7274533494868
1885,-0.6360152879117503
1886,-0.4854855537978239
1887,0.5623426350813228
1888,-0.9540104723714553
1889,0.22241931594193123
1890,0.13194920049323886
1891,-1.1400177266173357
1892,-1.2170101166449805
1893,-0.8117113064185814
1894,-0.010904138964710847
1895,-1.2403867125250831
1896,0.30077823570799067
1897,-0.7299319738742914
1898,-0.7743716944997836
1899,-1.0499028534429318
1900,-0.8207077822164921
1901,3.270274276756842
1902,-0.9043189444150753
1903,-0.33361709152217683
1904,-0.00684334933196859
1905,0.4569648247122583
1906,-0.5502218188556579
1907,0.15164521291469332
1908,0.2590979934226547
1909,-0.7177337613059364
1910,-0.8735636980776589
1911,-1.0148993947524438
1912,0.4247046681374198
1913,0.41591767265155444
1914,0.37646037383579956
1915,0.0009169317860723281
1916,-0.16731923573316018
1917,-1.169958486407109
1918,0.8722710495361317
1919,-0.35387388196283576
1920,-0.8271060036737289
1921,0.9889178878541105
1922,-0.22922651677918227
1923,-1.150141507385694
1924,0.19886617796253755
1925,-0.7895081636902379
1926,-0.12109329195114213
1927,-0.08704738938937565
1928,-0.3563830450919637
1929,0.8964393957081827
1930,-0.04437168691095275
1931,0.3425599452423075
1932,0.022113577925872735
1933,-0.48178733156572373
1934,2.471695012264032
1935,1.026547869097651
1936,-0.5243073379073921
1937,0.5835887594243313
1938,2.478395016261335
1939,1.8436071716280469
1940,-0.35963811372222854
1941,1.9766708654724816
1942,2.423586325306129
1943,-0.3055243211245908
1944,-0.30471463601830806
1945,-0.719911459471259
1946,-0.531586358076678
1947,-0.36816004934846014
1948,0.03303248791976085
1949,-0.36969866362946324
1950,-1.1519030586542414
1951,-0.8691274077064055
1952,-0.5179559170669201
1953,-0.09846980384220291
1954,-0.2967320758255041
1955,-1.0633287409502683
1956,-1.6199904797107272
1957,2.2404672854235628
1958,-0.0646972207020903
1959,-0.6810851757968698
1960,-0.6843768215599559
1961,-0.9797088973910736
1962,0.5033273715147626
1963,-0.4577782233550567
1964,1.3015428898031423
1965,-0.3409821469072786
1966,-0.7620020976451841
1967,0.5058485819923785
1968,0.26541341651050443
1969,-0.20745277750255725
1970,-0.6230568829539207
1971,-0.2992079050014801
1972,0.21600008474126833
1973,-0.7595564777638854
1974,-0.5464412011775777
1975,-1.0024374598618362
1976,2.8017476254240163
1977,-0.19565220985698653
1978,1.1939029927564269
1979,0.38369267985705946
1980,0.5877790272961361
1981,-0.8726064300076247
1982,-0.4460557028057489
1983,-0.07944442382979763
1984,0.05289193792164218
1985,1.659909029927481
1986,0.030579799556985338
1987,-0.7423085397059499
1988,3.2220156962639472
1989,-1.2723087285861667
1990,0.06578396167295772
1991,-0.038905320903661694
1992,-0.5532651465764868
1993,-0.7104565100095717
1994,-1.5204766594600565
1995,0.020322080528295122
1996,-0.7542444890214408
1997,0.24011491200203752
1998,-0.7972255704250621
1999,-0.5461625514675201
2000,0.9497580765178006
2001,1.869191999329538
2002,0.7730295700087212
2003,0.3320977729398431
2004,-0.4724242885614194
2005,0.15421454839987334
2006,0.557936805586331
2007,0.2896563652853166
2008,-0.7154277719634307
2009,-0.5666871678658802
2010,0.9217965997156541
2011,-0.4873849516673311
2012,-0.8103431436349254
2013,1.230503425089883
2014,-0.9457849330716711
2015,1.370873350160005
2016,-0.8802666700510537
2017,-0.6025729087906424
2018,-0.859585910505887
2019,0.35304316158251337
2020,0.37093143398736794
2021,-0.5338746463716044
2022,-0.23403282267912037
2023,-0.8944347391054066
2024,-0.041521291209771244
2025,1.0397323933192502
2026,-0.7807650921617474
2027,1.7565593499739218
2028,0.42752033909576104
2029,1.2770455251226636
2030,-0.48159749541757835
2031,-0.5947644446065911
2032,-0.923626457287408
2033,0.5940122586008114
2034,-0.19045513419484714
2035,-0.42209830039486995
2036,-0.9368013599230743
2037,-0.5199148365335997
2038,-0.3089590059414089
2039,-0.3484477531962673
2040,-0.7079208277182449
2041,-0.05088435963059604
2042,2.2001750458539333
2043,-0.7535690485622302
2044,0.7435415815844664
2045,-0.6485349943607862
2046,2.095021151330211
2047,-0.5613511902310673
2048,-0.6314608135008607
2049,0.46114755784086137
2050,-0.3942325321030773
2051,0.11884714139522781
2052,0.7997270120741766
2053,-0.45052867839754385
2054,-0.6017307324607106
2055,-0.8717639695431669
2056,0.7592669173065164
2057,-0.9627189049842935
2058,0.07596082762423298
2059,0.49130970854018063
2060,-0.3336901978488362
2061,1.3276314017511222
2062,-0.5709878584203235
2063,0.5258012435322315
2064,-0.2864030796714847
2065,0.5671553831170936
2066,0.21400986033649336
2067,-0.25859246338681774
2068,0.19930307511306464
2069,1.4449459893333763
2070,-0.8179638279438695
2071,1.6205016967715795
2072,-0.32088716684925167
2073,1.159263427967606
2074,-0.5356313956840787
2075,-0.7594309472930115
2076,-0.4617374220884616
2077,0.0026344934590384617
2078,-0.8860301961574049
2079,1.9016673258579493
2080,1.949291175677316
2081,-1.1100161676592009
2082,0.8557830392706895
2083,-0.6922907484803345
2084,-0.05649297920396909
2085,-0.135523173320325
2086,-0.3674719425706817
2087,-0.6132439137968291
2088,-0.2597115299602307
2089,0.07356782138944559
2090,-0.06214653055545591
2091,-0.666615961172547
2092,0.4114231482174622
2093,-0.4374088887962785
2094,-0.4865999964168193
2095,-0.602705123516217
2096,0.1440202319473949
2097,-0.376654462959549
2098,-1.0558165650431945
2099,-1.1346593153499331
2100,1.0414790705670574
2101,1.3196628380960413
2102,0.8279461881090171
2103,1.992313048120681
2104,-0.3020624149832367
2105,1.9823041950312872
2106,-0.524858343111335
2107,-0.9945413593957967
2108,-0.3261938105294999
2109,-0.23499065562929813
2110,-0.7713331918338125
2111,0.43381904710943764
2112,-0.6149406462251399
2113,0.14344786402724233
2114,-0.6504652076530635
2115,2.0896449200184883
2116,-1.1413827653841506
2117,-0.5511434128098359
2118,-0.3244798069989161
2119,-0.9710850354618205
2120,-0.13018549278998479
2121,0.19511747257559967
2122,2.231710114913329
2123,-0.8166668758726701
2124,-0.461781881906175
2125,2.0622345542586427
2126,0.6502246218904455
2127,-0.5552774037446326
2128,0.27198899715663327
2129,-0.0665029863982928
2130,-0.8019215323651184
2131,-0.17568146469807341
2132,-0.8971164504286457
2133,0.12002578128363142
2134,1.107754078025272
2135,-0.5128683308647771
2136,-0.3215654643231485
2137,-1.1012242659433165
2138,-1.0816379624117245
2139,2.3796248022431112
2140,-0.7276897583278942
2141,-0.7163601371474292
2142,-0.3560836410257789
2143,0.4324360964605598
2144,1.3596273248945498
2145,0.6277373203911959
2146,0.25377664087678364
2147,0.6246338512038098
2148,-0.30755063288506046
2149,1.5094107500685714
2150,0.10491364171334996
2151,-0.41324420702999876
2152,1.1243330808521461
2153,1.797281988567394
2154,-0.6562324103108153
2155,-0.6060931520488527
2156,-0.13202251255387484
2157,-1.1687194621391181
2158,-0.642916758423937
2159,-0.5543528939904303
2160,0.10249743138742043
2161,1.7585300078210528
2162,-0.49922479737840086
2163,2.235593128458052
2164,-0.5238902520698154
2165,0.5287320433873637
2166,-1.168577624899984
2167,1.5080301006620525
2168,0.5449103663895182
2169,0.09182216064518059
2170,-0.8641314630967317
2171,-1.5768642902872687
2172,-0.38923465426820547
2173,0.32428272861646223
2174,-0.5796633307695207
2175,-0.5693417554167911
2176,-0.2997609328400719
2177,-0.18024476120812075
2178,-0.28424422353523837
2179,1.1204506560483427
2180,-0.6513616491945384
2181,0.7744924913219852
2182,-0.5872559023155172
2183,-0.8884888380051985
2184,-0.49926574044666727
2185,1.9082439756202398
2186,-0.7755906076087565
2187,0.6300824195319337
2188,0.2556150021359477
2189,-0.6323500355440745
2190,-0.9258925480738481
2191,0.9019756433570398
2192,0.1958644067074329
2193,0.654368372419355
2194,-0.5018623345135376
2195,-0.824963010042591
2196,-0.32913506138421034
2197,-0.5401345961055649
2198,0.7330556765263518
2199,-0.17247566636135658
2200,0.1548798573328747
2201,-0.5651630807432847
2202,-0.60106981280388
2203,-0.1079630994946211
2204,-0.17236704112779969
2205,0.4566376302703534
2206,1.4108264861150346
2207,0.7346156767391644
2208,0.7949695386865757
2209,1.1151398557089347
2210,-0.9287132972681686
2211,-1.182530214830026
2212,-0.3296393285043272
2213,0.5048796812982871
2214,1.109582409014356
2215,-0.30457255200549704
2216,-0.10364053890098926
2217,0.4168761717115018
2218,-0.1738467117409299
2219,-0.11900764035946695
2220,1.4001796712138868
2221,-0.7827473529456739
2222,-0.9419012098554586
2223,0.29959708746929536
2224,1.8951972629125207
2225,1.0723805003048024
2226,1.047052728224878
2227,0.1724048580838847
2228,-0.16966500603590148
2229,0.5905535542400703
2230,1.9650885018845425
2231,-0.49088994388188745
2232,-0.9732323629453865
2233,-0.5299612106952581
2234,-0.956969250773499
2235,1.6922742414557133
2236,-0.17731172321234676
2237,0.6484806037345722
2238,-0.6590806417245325
2239,-0.5492904986653663
2240,-0.515216035877164
2241,-0.15619998112852326
2242,-0.13084227009412916
2243,0.24159893743051122
2244,-0.29325401602656653
2245,-0.58960999467394
2246,-0.15264855925679274
2247,-0.5724152978389823
2248,0.719958467974856
2249,-1.0085226905908797
2250,0.2071566023516577
2251,-0.2873950437772611
2252,-0.33408580194167004
2253,1.0642097664570498
2254,0.7450623321229777
2255,0.17553180640679691
2256,-0.12608122410051134
2257,-0.4922135101092442
2258,-1.2272335029019525
2259,3.4076392834621743
2260,-0.17139938955806758
2261,0.3527529924856303
2262,-0.8246055314745285
2263,-0.03592796122174399
2264,3.4330873405406037
2265,-0.7737590867851695
2266,0.522430229652963
2267,-0.574473464816425
2268,0.5080353108490074
2269,-0.37979471920878494
2270,-0.8691569145992905
2271,-0.1135992160461248
2272,-0.21093296944008158
2273,-0.28772964058247646
2274,-0.3111009175869726
2275,-0.7267582429143866
2276,0.502325966342683
2277,-0.5176620201621188
2278,1.287764403908817
2279,-0.2661442007410544
2280,0.6154118369681478
2281,0.04342005236548421
2282,-1.0427241158540483
2283,0.47059932344282984
2284,-0.5347270053369719
2285,0.606163428214899
2286,0.7557122934996064
2287,-1.0179647533855036
2288,0.21997227094202557
2289,0.16338191137332994
2290,-0.3342263019184482
2291,-0.13702448022107297
2292,-0.3223888113963578
2293,0.6381858064025687
2294,-0.2761073526674791
2295,-0.6221289948537005
2296,-0.5969129055479668
2297,-0.5224185452418814
2298,-1.0789773914578145
2299,-0.5031467226764699
2300,-0.7493810663398164
2301,-0.5971933411718382
2302,-0.27529483022646195
2303,-0.008253733247755218
2304,-0.5345360189787299
2305,-0.3877384070640586
2306,-0.18731084355793304
2307,0.22583638889874028
2308,-0.7025346432063188
2309,0.6926995788725746
2310,-0.02142943043438897
2311,-0.6141511654220936
2312,0.33600155052049085
2313,-0.1423319860761733
2314,-0.1977602323429488
2315,-0.0399161484640386
2316,-0.43730714273338683
2317,-0.3420395861414587
2318,-0.2944442298069806
2319,-0.36952688966007224
2320,0.7384913032219778
2321,0.033007929747187886
2322,-0.6122932553632792
2323,-0.46112400745979143
2324,-0.5237514884879787
2325,0.5062979838015442
2326,-0.5651112906648693
2327,1.004647987016599
2328,-0.5648262384937822
2329,-0.24357309621715018
2330,0.7109535825624422
2331,-0.8311639725219313
2332,0.1444942641459708
2333,-0.7349392476352861
2334,-0.4931996394584248
2335,-1.185947391986083
2336,1.6221382547663998
2337,-0.5284962450660823
2338,2.2448510796610255
2339,-0.3510920111627148
2340,-0.48044596624981106
2341,-0.23598368536970135
2342,0.31484914274550235
2343,0.048571996570767745
2344,-0.7055235488416041
2345,-1.0045315534751769
2346,1.0043290823771347
2347,-0.3573472462338635
2348,-0.45103701870028357
2349,1.0195109562273508
2350,-0.2956175676128021
2351,-0.6372944876275728
2352,-0.06485463030387786
2353,-0.36438156433779717
2354,-0.14294579290905549
2355,-0.6891217282532349
2356,-0.3058837338385203
2357,-1.0825256733632866
2358,-0.4987032620697809
2359,3.6453800387365662
2360,-0.6675662818012804
2361,-1.0162674223765058
2362,-0.3714542844960001
2363,-0.10421878974993612
2364,0.8693296745470436
2365,-0.7726835335023096
2366,-0.7836536611600147
2367,1.1432050414540746
2368,0.4574428948571001
2369,-0.6017124611983161
2370,0.014014441560117025
2371,-0.33222549958328745
2372,-0.3712751169054015
2373,-1.0952868531306545
2374,-0.379701486389207
2375,-0.15135919645271892
2376,-1.1514035067918014
2377,-1.524774230310064
2378,-0.6808255382995603
2379,0.6651776460229023
2380,-0.016939667336238556
2381,0.17253663765802116
2382,-0.5113321860361972
2383,-0.00775114089713122
2384,0.07494745219264462
2385,0.24380366293640313
2386,-0.23299041750884422
2387,1.5969580245831143
2388,0.019102970551455406
2389,0.8358595968120426
2390,0.5814321264404426
2391,0.6851777596013078
2392,-0.7649247506243645
2393,1.1644146977810577
2394,0.11004263591367483
2395,0.6385593860631413
2396,-1.209505158688312
2397,0.14301005701426708
2398,0.848688611167205
2399,0.8225047895745443
2400,0.3518912520732691
2401,-0.2887744447005324
2402,0.311578830500884
2403,-0.35765806281193735
2404,-0.5902755406086476
2405,-0.4513694667949957
2406,-0.6244113085555583
2407,-0.46479786899170816
2408,1.2231685270718893
2409,0.12022360683526215
2410,0.09190952961421553
2411,-0.5725705313873308
2412,-0.7884825673552556
2413,-0.6000343262845025
2414,-0.18316568193364696
2415,-0.5903995389075609
2416,-0.37777165478692254
2417,-0.5881373014961663
2418,-0.671038132917276
2419,0.2606505879941884
2420,-0.2307080651527645
2421,-0.847264934283294
2422,1.0648825595348896
2423,-0.27803949785801174
2424,0.9806514128334882
2425,0.5603946131756699
2426,-0.11072192995189392
2427,-0.11352618521672589
2428,-0.6511115258954414
2429,-1.7254426645413745
2430,-0.4840902493821053
2431,-1.1633633035000848
2432,-0.11941225389422297
2433,-0.956408564752121
2434,0.4903623311296911
2435,-0.22017631671250934
2436,-0.19382228220247602
2437,-1.1641117315793665
2438,0.15656768205081298
2439,-1.0189630157149547
2440,-0.5177784218897249
2441,0.07746087612531291
2442,1.9139604173711806
2443,-0.14640560141154343
2444,0.9917903203470644
2445,-0.7842325739702313
2446,-0.6253420276438996
2447,-0.7612360144563182
2448,2.882486435158811
2449,0.11823846994270479
2450,0.20534082085300712
2451,1.645851005592934
2452,-0.11964788523500117
2453,0.01862287712482205
2454,-0.07680540589529647
2455,2.1199490080752366
2456,-0.7099803865890725
2457,-0.5730547878827463
2458,0.14478966334425167
2459,-1.1438913467564118
2460,0.23736396242724092
2461,-1.146216970069283
2462,-1.2614797789832068
2463,0.7211650683388253
2464,-0.45659628196967705
2465,0.051299192291034995
2466,-0.40829471842381193
2467,0.06280955277334035
2468,-1.1164990479609969
2469,0.7345924537033119
2470,-0.6994143048480057
2471,-0.6836674864346273
2472,-0.890180252326221
2473,-0.0944222156972114
2474,-1.1301208345540317
2475,-0.8965509974975832
2476,0.5010503507665737
2477,0.7257756509176876
2478,0.19535843220716007
2479,-0.3950961384595758
2480,0.32482454976895214
2481,-0.19532576129414045
2482,0.37080487990381217
2483,-1.1200290954936223
2484,0.05590798463551175
2485,-0.14362799461794976
2486,-0.7817628012022737
2487,-0.36460237212079794
2488,1.7281579240195468
2489,-0.8984326024406328
2490,-0.8627063362423162
2491,-0.34416026048754095
2492,0.12487513798585073
2493,1.4460171599971001
2494,0.7913267815327982
2495,-0.6844775993212366
2496,-1.1566973812904762
2497,1.9048268716660117
2498,1.0163043386623674
2499,-1.0776891223888327
2500,-1.250740544753956
2501,-0.20615123142183592
2502,-0.18627498958145924
2503,0.2943894893693323
2504,1.1567911037458658
2505,1.2365305877684762
2506,-0.6279827684619397
2507,2.975970643587429
2508,-0.3117523683498681
2509,-0.7456093355269044
2510,-0.9597396105101654
2511,-0.045611262573885675
2512,0.16267601312938632
2513,-0.11666851388872743
2514,-0.32151436180615967
2515,0.9800320807892637
2516,-0.10660135545541458
2517,0.38308826842894816
2518,0.7850218917249834
2519,2.1004312015580395
2520,0.4110008743082334
2521,0.5318555868841007
2522,-0.293129723073416
2523,-1.0784536701100773
2524,-0.8067728294667379
2525,-0.35730833890282776
2526,1.5658791828895322
2527,-0.09394046071558135
2528,-0.06104962613323292
2529,-0.18946045134060244
2530,-0.6886802629928226
2531,-0.675176759077092
2532,-0.2885132280504755
2533,-1.0549481681827702
2534,-0.3733585968826697
2535,0.07692027160560702
2536,0.37513528098600846
2537,-0.23776566063973842
2538,-0.5856644252702523
2539,-0.6021518104089338
2540,-0.6834742723202156
2541,-0.3591498612084931
2542,-0.7052060018815355
2543,0.09190584841862573
2544,-0.33626174291630617
2545,0.0889576719966553
2546,-0.3491232581998951
2547,-1.1674073222766037
2548,1.0270908766628533
2549,-0.5765210147692161
2550,0.1351539336594658
2551,-1.0302067500334187
2552,-0.2907744299608551
2553,-0.24695000068117243
2554,-0.34979953968713673
2555,-0.5482521393602323
2556,-0.14613605986830588
2557,-0.8043519189895763
2558,-0.14138371167938843
2559,-0.7864356668805028
2560,-0.2064080037451094
2561,-1.447568761006158
2562,-0.8423488300944126
2563,-0.5819806109698702
2564,-0.2523144118497309
2565,-0.9169691606800694
2566,1.8935163853497428
2567,0.0972402916645991
2568,1.1114332616184674
2569,-0.0637965276757124
2570,1.4885529498566115
2571,0.07618943319144103
2572,0.2753199483532516
2573,-0.7663054616141365
2574,-0.6541051294698892
2575,-0.9173627897311667
2576,2.0716585378187506
2577,0.03104065721843932
2578,-0.6352191413470587
2579,-0.5616113587769977
2580,-0.584090824059014
2581,-0.4936555271462463
2582,0.5160475807448446
2583,-0.9782710019813071
2584,-0.9109162746815906
2585,-0.31536243699349376
2586,-0.9547032796751347
2587,0.22117420582206185
2588,0.8940932038432319
2589,0.3798218369635401
2590,-0.6340820337162566
2591,-0.4929426204791183
2592,-0.4307216147118581
2593,-0.46261470265241933
2594,0.7262386727092546
2595,0.15273554072782594
2596,-1.1108421136489548
2597,-0.8981795759230259
2598,-1.1997080146862638
2599,0.22582602471071403
2600,-0.5658323620888179
2601,-0.6387221784588122
2602,0.2922100115726838
2603,3.0007628258511594
2604,-1.2102590539162106
2605,-1.1705225575999079
2606,-0.5004197949877133
2607,-0.10896849988135379
2608,-0.03424776255866871
2609,-0.8795713571578394
2610,-0.40528471863659365
2611,-0.6766842477954425
2612,-0.39101097538144536
2613,0.392571540293991
2614,-0.6874717737521588
2615,0.37440214658569926
2616,0.37647443730182995
2617,0.19001733349955538
2618,0.47341198266196594
2619,0.6046993920189672
2620,0.3588381610801641
2621,-0.31529103876671705
2622,0.4653397395025022
2623,-0.7379151727110564
2624,-0.38997981713152285
2625,0.17451342871916123
2626,0.7296700170299422
2627,0.7451595308526622
2628,0.009964349481791673
2629,0.5933175658778973
2630,3.0185487653857974
2631,-0.1450866027379357
2632,-0.1253216311909581
2633,-0.21638270760986747
2634,-0.06341320799026244
2635,0.7415349219205127
2636,1.6721722053853476
2637,-0.683484681004774
2638,-0.7630471653187063
2639,-0.5315459972914424
2640,-1.043667058705692
2641,0.7204630597796531
2642,1.822569727953955
2643,1.2258152378624794
2644,-0.6810802839836375
2645,0.08502062388769807
2646,-0.8803501781168359
2647,-1.023276833670808
2648,0.7402444272532941
2649,0.06920788894973076
2650,0.16693114962911118
2651,-0.06715440940526785
2652,-0.13632658685962254
2653,-0.6196333423775087
2654,-0.10193271881318763
2655,-0.3468842779428682
2656,-0.20158893848700962
2657,0.6004397637291887
2658,-0.37401858300330504
2659,-0.08641084951429587
2660,-0.5214127298906938
2661,-0.7765324898876458
2662,0.2086362848770196
2663,-0.7259369917862644
2664,0.32803251798198574
2665,-0.3322469443826984
2666,1.1183193518498713
2667,-0.8406518413254334
2668,0.40725812019504803
2669,-0.5622608215857664
2670,1.1633496395794873
2671,0.2135490245980797
2672,-0.1626528015273261
2673,-1.046494812848977
2674,-0.5227921894011078
2675,-0.699485127945533
2676,-0.8112498332229534
2677,-0.6604491812010727
2678,0.744553078655857
2679,-1.2241844453762118
2680,-1.0714911230009028
2681,-0.9192920264586313
2682,-0.7009421536263032
2683,-0.3861873993914402
2684,-0.46876901674402294
2685,0.14433699225711902
2686,-0.5617333103274796
2687,0.7002729187330332
2688,-0.38782954334876574
2689,1.8817621997424996
2690,-0.5984818633466451
2691,-0.009488738566298005
2692,-0.6582938922241832
2693,-0.9304317591865815
2694,-0.5992653651568884
2695,-0.6721520408567941
2696,-0.5158958642646059
2697,-0.17280765813680363
2698,0.29460412171143646
2699,-0.5686637420516925
2700,0.9416969967045423
2701,0.4089870415860688
2702,0.9823605685083949
2703,-0.10612341780073661
2704,2.556212568115994
2705,0.529179353088338
2706,0.06772833745278509
2707,0.18140281171050385
2708,-0.24051745030616337
2709,-0.5349158061179765
2710,-0.7396036206788836
2711,0.9928699084426502
2712,-0.05965894320172169
2713,-0.630370101900344
2714,1.3578997112327493
2715,0.07012313456884492
2716,-0.6352657699926569
2717,1.7258536075343311
2718,-1.06572336310894
2719,0.18455533827488393
2720,-0.3862836602106528
2721,0.1156949391975585
2722,-0.7712671245115438
2723,-0.2417466191306307
2724,-0.10960961500211097
2725,-0.0926546723027031
2726,0.18715442149277375
2727,-0.6301576277014381
2728,1.9406307677148722
2729,1.7339065635291275
2730,-0.455602410111524
2731,0.7700526057379695
2732,0.2522930165347418
2733,-0.5691393644272918
2734,-0.14728387682464897
2735,-0.4407662522084743
2736,-0.45572431213256426
2737,-0.1866921034453298
2738,0.1940850978194287
2739,0.8421795561697851
2740,-1.115371431010018
2741,0.45418866208084163
2742,0.06639538216037347
2743,-0.29083454904800476
2744,-0.462607283419205
2745,-0.20922669708466607
2746,-0.7245771837221228
2747,-0.3927411416673945
2748,0.05935126366486887
2749,1.1635226338905662
2750,1.519176174032486
2751,-0.09484818842327311
2752,-0.7426244841981325
2753,-0.8525745801701885
2754,0.19694172590221007
2755,-0.8024887361591057
2756,-0.6392013559504353
2757,-0.43132334544295337
2758,-0.43268808520093904
2759,-0.17338976787019178
2760,-0.1034492213475455
2761,0.674261095178781
2762,-0.13734460956838765
2763,1.6246249242548192
2764,0.5759085705351117
2765,-0.5620946677634344
2766,1.945047906299834
2767,0.20961875698817814
2768,-0.5020419596929412
2769,-0.4169968074996171
2770,-0.06995997894574521
2771,1.4037612779699653
2772,0.30524879853317555
2773,1.3100694207600516
2774,1.771130931351626
2775,-0.864241851320056
2776,0.2415554953648764
2777,1.390326724534853
2778,0.10502653966555756
2779,1.2379950082805804
2780,-1.0012269438883799
2781,0.013176630035559106
2782,-1.3209294953534165
2783,0.6576183932839516
2784,-1.1912877079392976
2785,1.126776862273256
2786,-1.549288934804828
2787,-1.1967312136940915
2788,-0.594191626596519
2789,0.8550918817690227
2790,0.022326164398530107
2791,0.7597826032095812
2792,-0.7390695369889924
2793,-0.9536661555166879
2794,-0.6803812539724704
2795,-0.7655549984471894
2796,-0.20051307911069813
2797,-0.5806031752029358
2798,-1.5417496016080556
2799,0.607705767746888
2800,-0.6819255778791532
2801,-0.9040258498977747
2802,-0.3427436005086665
2803,0.7280202394365998
2804,-0.13910113989291115
2805,0.08485570726990291
2806,-1.0380384101405584
2807,0.9021744762959742
2808,1.5564645920891935
2809,0.4932036727796014
2810,-0.6370709273177052
2811,0.14231142865725302
2812,-0.14960592951149917
2813,-0.5249796085450777
2814,2.758359624688653
2815,0.7552661958222496
2816,-0.04243007874583568
2817,-0.9889208333572962
2818,-0.29231381477366847
2819,-0.09979338274589364
2820,1.2466696441234641
2821,0.09199393506781597
2822,1.153636319586301
2823,-0.8772162913763019
2824,-0.19944568880734045
2825,-0.41623778279043894
2826,0.4840153735254229
2827,0.269874534031159
2828,-0.6217247810810606
2829,-0.5709275060442952
2830,0.5772250172607707
2831,-0.8065385014360168
2832,-0.09469410164833245
2833,1.0296329073507495
2834,3.252474182143282
2835,1.0079928766345678
2836,0.9707603635338222
2837,-1.0655857742779695
2838,-0.7336040258032153
2839,-1.1709725144099474
2840,-0.18899928638512908
2841,-1.456804766719908
2842,0.660608212645867
2843,-0.38767297159005926
2844,-0.5792909672584475
2845,-0.9001362501951861
2846,-0.7315071741920303
2847,0.6964775640637507
2848,-0.48592554585713943
2849,2.2707223095777604
2850,-0.6012975922660713
2851,0.6114527224444639
2852,-0.6294847479995804
2853,-0.6223225006677259
2854,-0.32208057127050294
2855,0.7429011514670009
2856,1.2988659973705954
2857,-0.17433236439816968
2858,-0.6618641249874867
2859,-0.6191588048250287
2860,-0.4638193103005118
2861,-0.7152925612505701
2862,0.18930363964128985
2863,0.07851624747045197
2864,1.242534565477778
2865,-0.85862872847262
2866,1.3374579204819692
2867,-0.6312674048465491
2868,-0.9897328652402878
2869,-0.8137563329844676
2870,0.34677321018402363
2871,0.4759510459371197
2872,-0.46720545995806306
2873,-1.1032926110638883
2874,1.044987431820287
2875,0.01857380074302617
2876,0.28207911416145115
2877,-0.7031667711368579
2878,1.8901629405059692
2879,-0.6370858897431327
2880,0.5389805379352826
2881,-0.03508417415616252
2882,-0.4729219945639146
2883,-0.636120795331322
2884,0.7743724424448631
2885,-0.5661806792422279
2886,-0.5093973958057575
2887,1.1919781266665592
2888,-0.559650361464785
2889,-0.8542107039189447
2890,0.08084029070205992
2891,0.14561891531060747
2892,-0.5033844889447789
2893,-1.0685484237706064
2894,0.163225395298661
2895,-0.17291973359169935
2896,-0.15319784290708874
2897,-0.8692006568273086
2898,2.0372856346604764
2899,-0.3832256171608634
2900,0.11063120274349467
2901,0.15668162083477025
2902,-0.554001941485724
2903,1.7745155906591585
2904,-0.6817235035661413
2905,0.012652694523731661
2906,-0.6095670745457044
2907,-0.38159042594675197
2908,1.0199492084185495
2909,-0.8583112893608904
2910,-1.1578785806576104
2911,-0.7683160883874607
2912,1.2555968785402667
2913,-0.5644939235547342
2914,-0.9319450481238902
2915,0.1609129174133587
2916,-0.022137577605786024
2917,0.2616765504968951
2918,0.9284489123358353
2919,-0.4096185976687124
